
-- DELETE FROM `companies`;
-- INSERT INTO `companies` (`id`, `name`, `code`, `mailing_name`, `address`, `phone_no`, `mobile_no`, `email`, `website`, `company_type_id`, `cin_no`, `tin_no`, `tan_no`, `gst_no`, `pan_no`, `logo`, `currency_id`, `country_id`, `state_id`, `city`, `zip_code`, `is_group_company`, `status`, `created_at`, `updated_at`) VALUES
-- 	(1, 'Taxyaar', 'C001', 'Taxyaar', 'Behala', '03512-260342', '9805595288', 'taxyaar@gmail.com', 'www.taxyaar.com', 1, '1234567890', '1234567890', '1234567890', '19AAAC0002114', '1234567890', 'logo.png', 1, 76, 36, 'Kolkata', '700157', 0, 'active', '2025-10-22 02:36:09', '2025-10-22 02:36:09');



INSERT INTO `taxyaar_backend`.`users` (`id`, `name`,`username`,`user_type`, `email`, `email_verified_at`, `password`, `remember_token`,`status`, `created_at`, `updated_at`) VALUES
	(1, 'Admin User', 'admin@admin.com','admin', 'admin@admin.com', '2025-06-14 17:39:14', '$2y$10$92IXUNpkjO0rOQ5byMi.Ye4oKoEa3Ro9llC/.og/at2.uheWG/igi', 'yaQRzRT1BQ','active', '2025-06-14 17:39:14', '2025-06-14 17:39:14'),
	(2, 'Manager User', 'manager@admin.com', 'user','manager@admin.com', '2025-06-14 17:39:14', '$2y$10$92IXUNpkjO0rOQ5byMi.Ye4oKoEa3Ro9llC/.og/at2.uheWG/igi', 'zuUppGB7Bl','active', '2025-06-14 17:39:14', '2025-06-14 17:39:14');

INSERT IGNORE INTO `taxyaar_backend`.`app_modules` (`id`, `name`, `code`, `description`, `status`, `icon`, `created_at`, `updated_at`) VALUES
	(10000, 'AUTHENTICATION', 'AUTHENTICATION', 'Manage users, roles, and permissions', 'active', 'users', '2025-10-18 09:00:48', '2025-10-18 09:00:48'),
	(10001, 'Finance', 'FINANCE', 'Handles financial transactions, invoices, and ledgers', 'active', 'wallet', '2025-10-18 09:00:48', '2025-10-18 09:00:48'),
	(10002, 'Inventory', 'INVENTORY', 'Manages stock items, batches, and warehouse data', 'active', 'boxes', '2025-10-18 09:00:48', '2025-10-18 09:00:48'),
	(10003, 'Sales', 'SALES', 'Sales orders, customers, and billing operations', 'active', 'shopping-cart', '2025-10-18 09:00:48', '2025-10-18 09:00:48'),
	(10004, 'Purchase', 'PURCHASE', 'Supplier management and purchase order tracking', 'active', 'shopping-bag', '2025-10-18 09:00:48', '2025-10-18 09:00:48'),
	(10005, 'Reports', 'REPORTS', 'System-wide reporting and analytics', 'active', 'bar-chart', '2025-10-18 09:00:48', '2025-10-18 09:00:48'),
	(10006, 'Account Group', 'ACCOUNT_GROUP', 'ACCOUNT_GROUP', 'active', NULL, '2025-10-20 00:13:11', '2025-10-20 00:13:11'),
	(10007, 'Account Ledger', 'ACCOUNT_LEDGER', 'ACCOUNT_GROUP', 'active', NULL, '2025-10-20 00:13:32', '2025-10-20 00:13:32'),
	(10008, 'Accounting Period', 'ACCOUNTING_PERIOD', 'ACCOUNTING_PERIOD', 'active', NULL, '2025-10-20 00:14:17', '2025-10-20 00:14:17'),
	(10009, 'Account Nature', 'ACCOUNT_NATURE', 'ACCOUNT_NATURE', 'active', NULL, '2025-10-20 00:14:40', '2025-10-20 00:14:40'),
	(10010, 'Accounts Journal', 'ACCOUNTS_JOURNAL', 'ACCOUNTS_JOURNAL', 'active', NULL, '2025-10-20 00:15:02', '2025-10-20 00:15:02'),
	(10011, 'Address', 'ADDRESS', 'ADDRESS', 'active', NULL, '2025-10-20 00:15:16', '2025-10-20 00:15:16'),
	(10012, 'Agent', 'AGENT', 'Agent', 'active', NULL, '2025-10-20 00:15:55', '2025-10-20 00:15:55'),
	(10013, 'App Module', 'APP_MODULE', 'APP_MODULE', 'active', NULL, '2025-10-20 00:22:07', '2025-10-20 00:22:07'),
	(10014, 'App Module Feature', 'APP_MODULE_FEATURE', 'APP_MODULE_FEATURE', 'active', NULL, '2025-10-20 00:22:32', '2025-10-20 00:22:32'),
	(10015, 'Company', 'COMPANY', 'COMPANY', 'active', NULL, '2025-10-20 00:22:45', '2025-10-20 00:22:45'),
	(10016, 'Company Type', 'COMPANY_TYPE', 'COMPANY_TYPE', 'active', NULL, '2025-10-20 00:23:04', '2025-10-20 00:23:04'),
	(10017, 'Country', 'COUNTRY', 'COUNTRY', 'active', NULL, '2025-10-20 00:23:19', '2025-10-20 00:23:19'),
	(10018, 'Currency', 'CURRENCY', 'CURRENCY', 'active', NULL, '2025-10-20 00:23:32', '2025-10-20 00:23:32'),
	(10019, 'Department', 'DEPARTMENT', 'DEPARTMENT', 'active', NULL, '2025-10-20 00:23:46', '2025-10-20 00:23:46'),
	(10020, 'Designation', 'DESIGNATION', 'DESIGNATION', 'active', NULL, '2025-10-20 00:23:57', '2025-10-20 00:23:57'),
	(10021, 'Distributor', 'DISTRIBUTOR', 'DISTRIBUTOR', 'active', NULL, '2025-10-20 00:24:14', '2025-10-20 00:24:14'),
	(10022, 'Employee', 'EMPLOYEE', 'EMPLOYEE', 'active', NULL, '2025-10-20 00:24:30', '2025-10-20 00:24:30'),
	(10023, 'Employee Group', 'EMPLOYEE_GROUP', 'EMPLOYEE_GROUP', 'active', NULL, '2025-10-20 00:26:09', '2025-10-20 00:26:09'),
	(10024, 'Godown', 'GODOWN', 'GODOWN', 'active', NULL, '2025-10-20 00:26:17', '2025-10-20 00:26:27'),
	(10025, 'Grade', 'GRADE', 'GRADE', 'active', NULL, '2025-10-20 00:28:27', '2025-10-20 00:28:48'),
	(10026, 'Hsn Sac Code', 'HSN_SAC_CODE', 'HSN_SAC_CODE', 'active', NULL, '2025-10-20 00:29:18', '2025-10-20 00:30:45'),
	(10027, 'Permission', 'PERMISSION', 'PERMISSION', 'active', NULL, '2025-10-20 00:30:59', '2025-10-20 00:30:59'),
	(10028, 'Role', 'ROLE', 'ROLE', 'active', NULL, '2025-10-20 00:31:08', '2025-10-20 00:31:08'),
	(10029, 'Shift', 'SHIFT', 'SHIFT', 'active', NULL, '2025-10-20 00:31:17', '2025-10-20 00:31:17'),
	(10030, 'State', 'STATE', 'STATE', 'active', NULL, '2025-10-20 00:31:26', '2025-10-20 00:31:26'),
	(10031, 'Stock Category', 'STOCK_CATEGORY', 'STOCK_CATEGORY', 'active', NULL, '2025-10-20 00:31:41', '2025-10-20 00:31:41'),
	(10032, 'Stock Group', 'STOCK_GROUP', 'STOCK_GROUP', 'active', NULL, '2025-10-20 00:31:52', '2025-10-20 00:31:52'),
	(10033, 'Stock Item', 'STOCK_ITEM', 'STOCK_ITEM', 'active', NULL, '2025-10-20 00:32:03', '2025-10-20 00:32:03'),
	(10034, 'Stock Unit', 'STOCK_UNIT', 'STOCK_UNIT', 'active', NULL, '2025-10-20 00:32:15', '2025-10-20 00:32:15'),
	(10035, 'Supplier', 'SUPPLIER', 'SUPPLIER', 'active', NULL, '2025-10-20 00:32:28', '2025-10-20 00:32:28'),
	(10036, 'Transporter', 'TRANSPORTER', 'TRANSPORTER', 'active', NULL, '2025-10-20 00:32:38', '2025-10-20 00:32:38'),
	(10037, 'Unique Quantity Code', 'UNIQUE_QUANTITY_CODE', 'UNIQUE_QUANTITY_CODE', 'active', NULL, '2025-10-20 00:32:56', '2025-10-20 00:32:56'),
	(10038, 'User', 'USER', 'USER', 'active', NULL, '2025-10-20 00:33:08', '2025-10-20 00:33:08'),
	(10039, 'Voucher', 'VOUCHER', 'VOUCHER', 'active', NULL, '2025-10-20 00:33:22', '2025-10-20 00:33:22'),
	(10040, 'Voucher Category', 'VOUCHER_CATEGORY', 'VOUCHER_CATEGORY', 'active', NULL, '2025-10-20 00:33:35', '2025-10-20 00:33:35'),
	(10041, 'Voucher Classification', 'VOUCHER_CLASSIFICATION', 'VOUCHER_CLASSIFICATION', 'active', NULL, '2025-10-20 00:33:45', '2025-10-20 00:33:45'),
	(10042, 'Voucher Type', 'VOUCHER_TYPE', 'VOUCHER_TYPE', 'active', NULL, '2025-10-20 00:34:01', '2025-10-20 00:34:01');


INSERT IGNORE INTO `taxyaar_backend`.`app_module_features` (`id`, `app_module_id`, `name`, `code`, `description`, `status`, `action`, `created_at`, `updated_at`) VALUES
	(1, 10000, 'Sign in', 'AUTHENTICATION_SIGN_IN', 'AUTHENTICATION_SIGN_IN', 'active', NULL, '2025-10-20 01:12:02', '2025-10-20 01:12:02'),
	(2, 10006, 'Create', 'ACCOUNT_GROUP_CREATE', 'ACCOUNT_GROUP_CREATE', 'active', NULL, '2025-10-20 01:16:35', '2025-10-20 02:16:05'),
	(6, 10006, 'Edit', 'ACCOUNT_GROUP_EDIT', 'ACCOUNT_GROUP_EDIT', 'active', NULL, '2025-10-20 02:03:48', '2025-10-20 02:03:48'),
	(7, 10006, 'Delete', 'ACCOUNT_GROUP_DELETE', 'ACCOUNT_GROUP_DELETE', 'active', NULL, '2025-10-20 02:03:54', '2025-10-20 02:03:54'),
	(8, 10007, 'Delete', 'ACCOUNT_LEDGER_DELETE', 'ACCOUNT_LEDGER_DELETE', 'active', NULL, '2025-10-20 02:14:19', '2025-10-20 02:16:29'),
	(9, 10008, 'Create', 'ACCOUNTING_PERIOD_CREATE', 'ACCOUNTING_PERIOD_CREATE', 'active', NULL, '2025-10-20 02:25:19', '2025-10-20 02:25:19'),
	(10, 10008, 'Edit', 'ACCOUNTING_PERIOD_EDIT', 'ACCOUNTING_PERIOD_EDIT', 'active', NULL, '2025-10-20 02:25:22', '2025-10-20 02:25:22'),
	(11, 10008, 'Delete', 'ACCOUNTING_PERIOD_DELETE', 'ACCOUNTING_PERIOD_DELETE', 'active', NULL, '2025-10-20 02:25:24', '2025-10-20 02:25:24'),
	(12, 10009, 'Create', 'ACCOUNT_NATURE_CREATE', 'ACCOUNT_NATURE_CREATE', 'active', NULL, '2025-10-20 02:25:39', '2025-10-20 02:25:39'),
	(13, 10009, 'Edit', 'ACCOUNT_NATURE_EDIT', 'ACCOUNT_NATURE_EDIT', 'active', NULL, '2025-10-20 02:25:41', '2025-10-20 02:25:41'),
	(14, 10009, 'Delete', 'ACCOUNT_NATURE_DELETE', 'ACCOUNT_NATURE_DELETE', 'active', NULL, '2025-10-20 02:25:43', '2025-10-20 02:25:43');




INSERT INTO `taxyaar_backend`.`shifts` (`id`, `name`, `code`, `status`, `icon`, `created_at`, `updated_at`) VALUES
	(101, 'Morning Shift', 'MS', 'active', NULL, '2025-10-12 22:03:40', '2025-10-12 22:03:40'),
	(102, 'Day Shift', 'DS', 'active', NULL, '2025-10-12 22:05:41', '2025-10-12 22:05:41'),
	(103, 'Evening Shift', 'ES', 'active', NULL, '2025-10-12 22:05:50', '2025-10-12 22:05:50'),
	(104, 'Night Shift', 'NS', 'active', NULL, '2025-10-12 22:06:02', '2025-10-12 22:06:02');


-- Dumping data for table taxyaar_help_center.topic_categories: ~4 rows (approximately)
INSERT IGNORE INTO `taxyaar_help_center`.`topic_categories` (`id`, `name`, `slug`, `description`, `status`, `created_at`, `updated_at`) VALUES
	(1, 'Tax Made Easy', 'tax-made-easy', 'Visit for updates on budget 2024', 'active', '2025-10-06 07:54:24', '2025-10-07 16:04:59'),
	(2, 'How to Guides?', 'how-to-guides', '[Detailed explanation on how to enter data on myITreturn]', 'active', '2025-10-07 15:50:47', '2025-10-07 16:05:22'),
	(3, 'Knowledge Base', 'knowledge-base', '[Our Knowledge Base on Income-tax filing]', 'active', '2025-10-07 15:52:01', '2025-10-07 16:05:40'),
	(4, 'FAQs', 'faqs', '[Common Questions and Answers]', 'active', '2025-10-07 16:05:55', '2025-10-07 16:05:55');

INSERT IGNORE INTO `taxyaar_help_center`.`topic_sections` (`id`, `topic_category_id`, `name`, `slug`, `description`, `status`, `is_marked`, `created_at`, `updated_at`) VALUES
	(1, 1, 'Tax Made Easy Series - 2024', '0001-tax-made-easy-series-2024', NULL, 'active', 0, '2025-10-07 17:06:51', '2025-10-07 17:35:04'),
	(2, 2, 'Crypto / Virtual Digital Assets (VDA)', '0002-crypto-virtual-digital-assets-vda', NULL, 'active', 0, '2025-10-07 17:13:56', '2025-10-07 17:35:13'),
	(3, 2, 'Form-16, Salary and Pension', '0002-form-16-salary-and-pension', NULL, 'active', 0, '2025-10-07 17:14:20', '2025-10-10 06:07:37'),
	(4, 2, 'House Property', '0002-house-property', NULL, 'active', 0, '2025-10-07 17:14:30', '2025-10-07 18:08:32'),
	(5, 2, 'Capital Gains', 'capital-gains', NULL, 'active', 0, '2025-10-07 17:14:48', '2025-10-07 17:14:48'),
	(6, 2, 'Other Income Sources', '0002-other-income-sources', NULL, 'active', 0, '2025-10-07 17:15:00', '2025-10-10 10:33:22'),
	(7, 2, 'Deductions', 'deductions', NULL, 'active', 0, '2025-10-07 17:15:09', '2025-10-07 17:15:09'),
	(8, 2, 'Tax payment', '0002-tax-payment', NULL, 'active', 0, '2025-10-07 17:25:42', '2025-10-10 10:33:44'),
	(9, 2, 'Refund', 'refund', NULL, 'active', 0, '2025-10-07 17:25:51', '2025-10-07 17:25:51'),
	(10, 2, 'Tax Filing Assistance', 'tax-filing-assistance', NULL, 'active', 0, '2025-10-07 17:26:04', '2025-10-07 17:26:04'),
	(11, 2, 'Notice Assistance', 'notice-assistance', NULL, 'active', 0, '2025-10-07 17:26:14', '2025-10-07 17:26:14'),
	(12, 2, 'TaxYaar mobile app', 'taxyaar-mobile-app', NULL, 'active', 0, '2025-10-07 17:26:34', '2025-10-07 17:26:34'),
	(13, 2, 'Tools and calculators', 'tools-and-calculators', NULL, 'active', 0, '2025-10-07 17:26:43', '2025-10-07 17:26:43'),
	(14, 2, 'All Other Articles', 'all-other-articles', NULL, 'active', 0, '2025-10-07 17:27:00', '2025-10-07 17:27:00'),
	(15, 2, 'Member Page', 'member-page', NULL, 'active', 0, '2025-10-07 17:27:10', '2025-10-07 17:27:10'),
	(16, 2, 'Tax Yaar Mobile App', 'tax-yaar-mobile-app', NULL, 'active', 0, '2025-10-07 17:29:10', '2025-10-07 17:29:10'),
	(17, 2, 'Product Updates', '0002-product-updates', NULL, 'active', 0, '2025-10-07 17:29:22', '2025-10-10 06:08:23'),
	(18, 3, 'Product Updates', '0003-product-updates', NULL, 'active', 0, '2025-10-07 17:29:33', '2025-10-07 18:07:45'),
	(19, 3, 'TaxYaar Mobile App', '0003-taxyaar-mobile-app', NULL, 'active', 0, '2025-10-07 17:29:53', '2025-10-07 18:07:16'),
	(20, 2, 'Form-16,Salary and Pension', '0002-form-16salary-and-pension', NULL, 'active', 0, '2025-10-07 18:07:57', '2025-10-07 18:07:57'),
	(21, 3, 'House Property', '0003-house-property', NULL, 'active', 0, '2025-10-07 18:08:47', '2025-10-07 18:08:47'),
	(22, 3, 'Business, Professional and freelancing', '0003-business-professional-and-freelancing', NULL, 'active', 0, '2025-10-07 18:09:10', '2025-10-07 18:09:10'),
	(23, 3, 'Capital Gains', '0003-capital-gains', NULL, 'active', 0, '2025-10-07 18:09:18', '2025-10-07 18:09:18'),
	(24, 3, 'Other Income Sources', '0003-other-income-sources', NULL, 'active', 0, '2025-10-07 18:09:29', '2025-10-07 18:09:29'),
	(25, 3, 'Deductions', '0003-deductions', NULL, 'active', 0, '2025-10-07 18:09:37', '2025-10-07 18:09:37'),
	(26, 3, 'NRI', '0003-nri', NULL, 'active', 0, '2025-10-07 18:09:47', '2025-10-07 18:09:47'),
	(27, 3, 'Tax payment', '0003-tax-payment', NULL, 'active', 0, '2025-10-07 18:09:56', '2025-10-07 18:09:56'),
	(28, 3, 'Tax Filing Assistance', '0003-tax-filing-assistance', NULL, 'active', 0, '2025-10-07 18:10:08', '2025-10-07 18:10:08'),
	(29, 3, 'Notice Assistance', '0003-notice-assistance', NULL, 'active', 0, '2025-10-07 18:10:16', '2025-10-07 18:10:16'),
	(30, 3, 'Newsletter', '0003-newsletter', NULL, 'active', 0, '2025-10-07 18:10:29', '2025-10-07 18:10:29'),
	(31, 3, 'All Other Articles', '0003-all-other-articles', NULL, 'active', 0, '2025-10-07 18:10:37', '2025-10-07 18:10:37'),
	(32, 3, 'Income Based', '0003-income-based', NULL, 'active', 0, '2025-10-07 18:10:49', '2025-10-07 18:10:49'),
	(33, 3, 'Guides-1', '0003-guides-1', NULL, 'active', 0, '2025-10-07 18:10:59', '2025-10-07 18:12:35'),
	(34, 3, 'Tax Planning', '0003-tax-planning', NULL, 'active', 0, '2025-10-07 18:11:14', '2025-10-07 18:11:14'),
	(35, 3, 'Guides-2', '0003-guides-2', NULL, 'active', 0, '2025-10-07 18:12:54', '2025-10-07 18:12:54'),
	(36, 3, 'Guides-3', '0003-guides-3', NULL, 'active', 0, '2025-10-07 18:13:09', '2025-10-07 18:13:09'),
	(37, 3, 'Professional Income', '0003-professional-income', NULL, 'active', 0, '2025-10-07 18:13:18', '2025-10-07 18:13:18'),
	(38, 4, 'Form-16,Salary and Pension', '0004-form-16salary-and-pension', NULL, 'active', 0, '2025-10-07 18:13:57', '2025-10-07 18:13:57'),
	(39, 4, 'House Property', '0004-house-property', NULL, 'active', 0, '2025-10-07 18:14:08', '2025-10-07 18:14:08'),
	(40, 4, 'Tax payment', '0004-tax-payment', NULL, 'active', 0, '2025-10-07 18:14:16', '2025-10-07 18:14:16'),
	(41, 4, 'Tax Filing Assistance', '0004-tax-filing-assistance', NULL, 'active', 0, '2025-10-07 18:14:25', '2025-10-07 18:14:25'),
	(42, 4, 'All Other Articles', '0004-all-other-articles', NULL, 'active', 0, '2025-10-07 18:14:36', '2025-10-07 18:14:36'),
	(43, 4, 'Smart Form 16', '0004-smart-form-16', NULL, 'active', 0, '2025-10-07 18:14:45', '2025-10-07 18:14:45'),
	(44, 4, 'Permanent Account Number', '0004-permanent-account-number', NULL, 'active', 0, '2025-10-07 18:14:55', '2025-10-07 18:14:55'),
	(45, 4, 'Filer Dashboard', '0004-filer-dashboard', NULL, 'active', 0, '2025-10-07 18:15:03', '2025-10-07 18:15:03'),
	(46, 4, 'Assessments under the Income-tax Law', '0004-assessments-under-the-income-tax-law', NULL, 'active', 0, '2025-10-07 18:15:12', '2025-10-07 18:15:12'),
	(47, 4, 'Computation of Tax', '0004-computation-of-tax', NULL, 'active', 0, '2025-10-07 18:15:20', '2025-10-07 18:15:20'),
	(48, 4, 'Tax on Presumptive Taxation Scheme', '0004-tax-on-presumptive-taxation-scheme', NULL, 'active', 0, '2025-10-07 18:15:28', '2025-10-07 18:15:28'),
	(49, 4, 'Tax Deducted at Source (TDS)', '0004-tax-deducted-at-source-tds', NULL, 'active', 0, '2025-10-07 18:15:36', '2025-10-07 18:15:36'),
	(50, 4, 'Filing the return of income', '0004-filing-the-return-of-income', NULL, 'active', 0, '2025-10-07 18:15:45', '2025-10-07 18:15:45');



INSERT IGNORE INTO `taxyaar_help_center`.`topic_articles` (`id`, `title`, `slug`, `content`, `topic_section_id`, `author_id`, `published_at`, `status`, `is_marked`, `created_at`, `updated_at`) VALUES
	(1, 'TAX MADE EASY SERIES - 1', '0001-tax-made-easy-series-1', '<p>My IT Return is starting a series of articles highlighting the amendments made in the recent budget with the help of simple illustrations for easy understanding of the income-tax payers. These articles will be indexed and saved on our site for easy reference. Please note, that practical insights too will also be shared, enabling error-free return filing by the assesses.</p><h3><strong>Capital Gains on Shares sold/transferred</strong></h3><ol><li><p>The most important aspect in determining the capital gains on assets sold/transferred is the holding period of the assets. There are only two holding periods for determination of capital gains: the 12-month holding period and the 24-month holding period. An earlier holding period of 36 months for the determination of long-term gains has been removed in the recent budget.</p></li><li><p>The rate of tax for long-term capital gains is increased to 12.5% from 10% and the short-term capital gains tax rate is increased to 20% from 15%.</p></li><li><p>No indexation benefit is available on the sale of listed shares, equity-oriented mutual funds/ units of equity-oriented funds, business trusts/units of business trusts</p></li><li><p>Listed securities or the sale of equity-oriented mutual funds if held for more than 12 months are long-term and all other assets have to be held for more than 24-month period to be characterized as long-term investments.</p></li></ol><h3><span style="font-size: 17px;"><strong>&nbsp;We give below the change in rates and period of holding as announced in the recent budget for the sale of different types of securities:</strong></span></h3><table style="border-collapse: collapse; width: 100%; height: 466px; min-width: 175px;"><colgroup><col style="min-width: 25px;"><col style="min-width: 25px;"><col style="min-width: 25px;"><col style="min-width: 25px;"><col style="min-width: 25px;"><col style="min-width: 25px;"><col style="min-width: 25px;"></colgroup><tbody><tr style="height: 44px;"><td colspan="1" rowspan="1" style="width: 14.2857%; height: 44px;"><p><strong>Particulars</strong></p></td><td colspan="1" rowspan="1" style="width: 14.2857%; height: 44px;"><p><strong>Period of Holding</strong></p></td><td colspan="1" rowspan="1" style="width: 14.2857%; height: 44px;"><p><strong>Short Term Rate FY24</strong></p></td><td colspan="1" rowspan="1" style="width: 14.2857%; height: 44px;"><p><strong>Long-Term Rate FY24</strong></p></td><td colspan="1" rowspan="1" style="width: 14.2857%; height: 44px;"><p><strong>Period of Holding</strong></p></td><td colspan="1" rowspan="1" style="width: 14.2857%; height: 44px;"><p><strong>Short Term Rate FY25</strong></p></td><td colspan="1" rowspan="1" style="width: 14.2857%; height: 44px;"><p><strong>Long-Term Rate FY25</strong></p></td></tr><tr style="height: 44px;"><td colspan="1" rowspan="1" style="width: 14.2857%; height: 44px;"><p>Listed Shares**</p></td><td colspan="1" rowspan="1" style="width: 14.2857%; height: 44px;"><p>&gt;12 months</p></td><td colspan="1" rowspan="1" style="width: 14.2857%; height: 44px;"><p>15%</p></td><td colspan="1" rowspan="1" style="width: 14.2857%; height: 44px;"><p>10%</p></td><td colspan="1" rowspan="1" style="width: 14.2857%; height: 44px;"><p>&gt;12 months</p></td><td colspan="1" rowspan="1" style="width: 14.2857%; height: 44px;"><p>20%</p></td><td colspan="1" rowspan="1" style="width: 14.2857%; height: 44px;"><p>12.5%</p></td></tr><tr style="height: 67px;"><td colspan="1" rowspan="1" style="width: 14.2857%; height: 67px;"><p>Unlisted Shares</p></td><td colspan="1" rowspan="1" style="width: 14.2857%; height: 67px;"><p>&gt;24months</p></td><td colspan="1" rowspan="1" style="width: 14.2857%; height: 67px;"><p>Slab Rate</p></td><td colspan="1" rowspan="1" style="width: 14.2857%; height: 67px;"><p>20% with indexation benefit</p></td><td colspan="1" rowspan="1" style="width: 14.2857%; height: 67px;"><p>&gt;24months</p></td><td colspan="1" rowspan="1" style="width: 14.2857%; height: 67px;"><p>Slab Rate</p></td><td colspan="1" rowspan="1" style="width: 14.2857%; height: 67px;"><p>12.5%</p></td></tr><tr style="height: 89px;"><td colspan="1" rowspan="1" style="width: 14.2857%; height: 89px;"><p>Equity-oriented mutual funds**</p></td><td colspan="1" rowspan="1" style="width: 14.2857%; height: 89px;"><p>&gt;12 months</p></td><td colspan="1" rowspan="1" style="width: 14.2857%; height: 89px;"><p>15%</p></td><td colspan="1" rowspan="1" style="width: 14.2857%; height: 89px;"><p>10%</p></td><td colspan="1" rowspan="1" style="width: 14.2857%; height: 89px;"><p>&gt;12 months</p></td><td colspan="1" rowspan="1" style="width: 14.2857%; height: 89px;"><p>20%</p></td><td colspan="1" rowspan="1" style="width: 14.2857%; height: 89px;"><p>12.5%</p></td></tr><tr style="height: 156px;"><td colspan="1" rowspan="1" style="width: 14.2857%; height: 156px;"><p>Debt Oriented Mutual Funds &amp; Market linked debentures</p></td><td colspan="1" rowspan="1" style="width: 14.2857%; height: 156px;"><p>&gt;36 months</p></td><td colspan="1" rowspan="1" style="width: 14.2857%; height: 156px;"><p>Slab Rate*</p></td><td colspan="1" rowspan="1" style="width: 14.2857%; height: 156px;"><p>Slab Rate</p></td><td colspan="1" rowspan="1" style="width: 14.2857%; height: 156px;"><p>&gt;24 months</p></td><td colspan="1" rowspan="1" style="width: 14.2857%; height: 156px;"><p>Slab Rate</p></td><td colspan="1" rowspan="1" style="width: 14.2857%; height: 156px;"><p>Slab Rate</p></td></tr><tr><td colspan="1" rowspan="1" style="width: 14.2857%;"><p>Overseas Fund of Funds</p></td><td colspan="1" rowspan="1" style="width: 14.2857%;"><p>&gt;36 months</p></td><td colspan="1" rowspan="1" style="width: 14.2857%;"><p>Slab Rate</p></td><td colspan="1" rowspan="1" style="width: 14.2857%;"><p>Slab Rate</p></td><td colspan="1" rowspan="1" style="width: 14.2857%;"><p>&gt;24 months</p></td><td colspan="1" rowspan="1" style="width: 14.2857%;"><p>Slab Rate</p></td><td colspan="1" rowspan="1" style="width: 14.2857%;"><p>12.5%</p></td></tr><tr><td colspan="1" rowspan="1" style="width: 14.2857%;"><p>Equity Fund of Funds</p></td><td colspan="1" rowspan="1" style="width: 14.2857%;"><p>&gt;36 months</p></td><td colspan="1" rowspan="1" style="width: 14.2857%;"><p>Slab Rate</p></td><td colspan="1" rowspan="1" style="width: 14.2857%;"><p>Slab Rate</p></td><td colspan="1" rowspan="1" style="width: 14.2857%;"><p>&gt;24 months</p></td><td colspan="1" rowspan="1" style="width: 14.2857%;"><p>Slab Rate</p></td><td colspan="1" rowspan="1" style="width: 14.2857%;"><p>12.5%</p></td></tr><tr><td colspan="1" rowspan="1" style="width: 14.2857%;"><p>Gold Mutual Funds</p></td><td colspan="1" rowspan="1" style="width: 14.2857%;"><p>&gt;36 months</p></td><td colspan="1" rowspan="1" style="width: 14.2857%;"><p>Slab Rate</p></td><td colspan="1" rowspan="1" style="width: 14.2857%;"><p>Slab Rate</p></td><td colspan="1" rowspan="1" style="width: 14.2857%;"><p>&gt;24 months</p></td><td colspan="1" rowspan="1" style="width: 14.2857%;"><p>Slab Rate</p></td><td colspan="1" rowspan="1" style="width: 14.2857%;"><p>12.5%</p></td></tr></tbody></table><p>&nbsp;</p><p>*Slab Rate means tax to be deposited as per the slabs applicable to the Total Income of the assessee.</p><p>** One of the conditions to avail lower tax rate is that the Securities Transaction Tax(STT) is to be paid on the purchase and sale of listed shares and STT is to be paid on the sale of equity-oriented mutual funds and units of business trusts</p><ol><li><p>The limit on the exemption of Long Term Capital Gains on the transfer of equity shares or equity-oriented units or units of Business Trust is increased from Rs.1 lac to Rs.1.25 lacs per year as per section 112A.</p></li><li><p>The sale of unlisted bonds and debentures will attract tax on capital gains at the applicable slab rates irrespective of its period of holding. This means it will be treated as short-term capital gains.</p></li></ol><p>&nbsp;</p><p>NOTE: <span style="color: rgb(31, 31, 31);">To protect investor interests, the CBDT also introduced grandfathering provisions, which protect the gains accrued until January 31, 2018. As per the provisions, if a shareholder has purchased shares prior to 31/1/2018 then the fair market value as of 31/1/18 can be taken as the cost of acquisition for the calculation of capital gains. The market price of all listed shares as per BSE and NSE will be stored on the TaxYaar site.</span></p><h2><span style="color: rgb(31, 31, 31);">Illustration:</span></h2><p><span style="color: rgb(31, 31, 31);">Shareholder A purchased 1000 listed shares on 1/4/16 @ Rs.500/- each for Rs.5,00,000/- The fair market value of the purchased share as of 31/1/18 is Rs.600/-. The entire 1000 shares are sold in September’24 i.e., the current financial year for Rs.1000/- a share for an amount of Rs.10 lacs. The calculation of capital gains is as follows:</span></p><p><span style="color: rgb(31, 31, 31);">Sale Consideration:10,00,000/-</span></p><p><span style="color: rgb(31, 31, 31);">Less: Cost of acquisition:&nbsp; &nbsp; &nbsp; &nbsp; &nbsp; &nbsp; &nbsp; &nbsp; &nbsp; 6,00,000/-&nbsp;&nbsp;&nbsp; ( FMV &gt; than original cost)</span></p><p>Long Term Capital Gain:&nbsp; &nbsp; &nbsp; &nbsp; &nbsp; &nbsp; &nbsp; &nbsp; &nbsp; &nbsp;4,00,000/-</p><p>Less: Exemption u/s 112A&nbsp; &nbsp; &nbsp; &nbsp; &nbsp; &nbsp; &nbsp; &nbsp; 1,25,000/-</p><p>Chargeable Capital Gains&nbsp; &nbsp; &nbsp; &nbsp; &nbsp; &nbsp; &nbsp; &nbsp; 2,75,000/-</p><p>Capital Gains Tax (12.5%) *&nbsp; &nbsp; &nbsp; &nbsp; &nbsp; &nbsp; &nbsp; &nbsp; 34,375/-</p><p>&nbsp;</p><ul><li><p>Surcharge plus Cess too is to be deposited. Surcharge capped at 15% for long-term capital gains</p></li></ul><p></p>', 1, NULL, NULL, 'active', 1, '2025-10-09 16:19:33', '2025-10-10 10:38:08'),
	(2, 'TAX MADE EASY SERIES - 2', '0001-tax-made-easy-series-2', '<p><span style="font-size: large;">My IT Return is starting a series of articles highlighting the amendments</span><br><span style="font-size: large;">made in the recent budget with the help of simple illustrations for easy</span><br><span style="font-size: large;">understanding of the income-tax payers. These articles will be indexed and</span><br><span style="font-size: large;">saved on our site for easy reference. Please note, practical insights too will be</span><br><span style="font-size: large;">shared, enabling error-free return filing by the assessees.</span></p><h3 style="box-sizing: border-box; font-family: -apple-system, BlinkMacSystemFont, &quot;Segoe UI&quot;, Helvetica, Arial, sans-serif; margin-top: 0px; font-size: 18px; font-weight: 600; color: rgb(51, 51, 51); font-style: normal; font-variant-ligatures: normal; font-variant-caps: normal; letter-spacing: normal; orphans: 2; text-align: start; text-indent: 0px; text-transform: none; widows: 2; word-spacing: 0px; -webkit-text-stroke-width: 0px; white-space: normal; background-color: rgb(255, 255, 255); text-decoration-thickness: initial; text-decoration-style: initial; text-decoration-color: initial;"><span style="font-size: large;"><strong>REVISION IN REAL ESTATE INDEXATION RULE</strong></span></h3><p style="box-sizing: border-box; color: rgb(51, 51, 51); font-family: -apple-system, BlinkMacSystemFont, &quot;Segoe UI&quot;, Helvetica, Arial, sans-serif; font-size: 15px; font-style: normal; font-variant-ligatures: normal; font-variant-caps: normal; font-weight: 400; letter-spacing: normal; orphans: 2; text-align: start; text-indent: 0px; text-transform: none; widows: 2; word-spacing: 0px; -webkit-text-stroke-width: 0px; white-space: normal; background-color: rgb(255, 255, 255); text-decoration-thickness: initial; text-decoration-style: initial; text-decoration-color: initial;"><span style="font-size: large;">According to the Income Tax Act, 1961, any immovable property with a</span><br><span style="font-size: large;">holding period of&nbsp;more than 24 months&nbsp;is classified under long-term capital assets</span><br><span style="font-size: large;">and is liable to be taxed, if sold or transferred under Long Term Capital Gains Tax</span><br><span style="font-size: large;">(LTCG) on property rules. In the recent budget, changes to the existing scheme have</span><br><span style="font-size: large;">been announced. The salient features of this change are given below:</span></p><p style="box-sizing: border-box; color: rgb(51, 51, 51); font-family: -apple-system, BlinkMacSystemFont, &quot;Segoe UI&quot;, Helvetica, Arial, sans-serif; font-size: 15px; font-style: normal; font-variant-ligatures: normal; font-variant-caps: normal; font-weight: 400; letter-spacing: normal; orphans: 2; text-align: start; text-indent: 0px; text-transform: none; widows: 2; word-spacing: 0px; -webkit-text-stroke-width: 0px; white-space: normal; background-color: rgb(255, 255, 255); text-decoration-thickness: initial; text-decoration-style: initial; text-decoration-color: initial;"><span style="font-size: large;">1) Resident individuals and Hindu Undivided Family(HUF) have been given</span><br><span style="font-size: large;">an option to either calculate LTCG tax at the rate of 20% with indexation</span><br><span style="font-size: large;">benefit or 12.5% without the indexation benefit only for properties</span><br><span style="font-size: large;">purchased before July 23, 2024.</span></p><p style="box-sizing: border-box; color: rgb(51, 51, 51); font-family: -apple-system, BlinkMacSystemFont, &quot;Segoe UI&quot;, Helvetica, Arial, sans-serif; font-size: 15px; font-style: normal; font-variant-ligatures: normal; font-variant-caps: normal; font-weight: 400; letter-spacing: normal; orphans: 2; text-align: start; text-indent: 0px; text-transform: none; widows: 2; word-spacing: 0px; -webkit-text-stroke-width: 0px; white-space: normal; background-color: rgb(255, 255, 255); text-decoration-thickness: initial; text-decoration-style: initial; text-decoration-color: initial;"><span style="font-size: large;">2) For properties purchased after July 23, 2024, there is no option but to</span><br><span style="font-size: large;">calculate LTCG at the rate of 12.5% without considering the indexation benefit</span><br><span style="font-size: large;">for both individuals and the HUF</span></p><h2 style="box-sizing: border-box; font-family: -apple-system, BlinkMacSystemFont, &quot;Segoe UI&quot;, Helvetica, Arial, sans-serif; margin-top: 0px; font-size: 22px; color: rgb(51, 51, 51); font-style: normal; font-variant-ligatures: normal; font-variant-caps: normal; letter-spacing: normal; orphans: 2; text-align: start; text-indent: 0px; text-transform: none; widows: 2; word-spacing: 0px; -webkit-text-stroke-width: 0px; white-space: normal; background-color: rgb(255, 255, 255); text-decoration-thickness: initial; text-decoration-style: initial; text-decoration-color: initial;"><span style="font-size: large;">Important points for calculating LTCG tax on real estate sales:</span></h2><p style="box-sizing: border-box; font-family: -apple-system, BlinkMacSystemFont, &quot;Segoe UI&quot;, Helvetica, Arial, sans-serif; margin-top: 0px; font-size: 22px; color: rgb(51, 51, 51); font-style: normal; font-variant-ligatures: normal; font-variant-caps: normal; letter-spacing: normal; orphans: 2; text-align: start; text-indent: 0px; text-transform: none; widows: 2; word-spacing: 0px; -webkit-text-stroke-width: 0px; white-space: normal; background-color: rgb(255, 255, 255); text-decoration-thickness: initial; text-decoration-style: initial; text-decoration-color: initial;"><span style="font-size: large;">i) The cost of acquisition of real estate properties</span><br><span style="font-size: large;">purchased before 2001 will be the&nbsp;fair market value (FMV) not</span><br><span style="font-size: large;">exceeding the stamp duty value as of April 1, 2001, or the actual cost of</span><br><span style="font-size: large;">the land or building for the purpose of calculation of long-term capital</span><br><span style="font-size: large;">gains (LTCG) tax.</span></p><p style="box-sizing: border-box; color: rgb(51, 51, 51); font-family: -apple-system, BlinkMacSystemFont, &quot;Segoe UI&quot;, Helvetica, Arial, sans-serif; font-size: 15px; font-style: normal; font-variant-ligatures: normal; font-variant-caps: normal; font-weight: 400; letter-spacing: normal; orphans: 2; text-align: start; text-indent: 0px; text-transform: none; widows: 2; word-spacing: 0px; -webkit-text-stroke-width: 0px; white-space: normal; background-color: rgb(255, 255, 255); text-decoration-thickness: initial; text-decoration-style: initial; text-decoration-color: initial;"><span style="font-size: large;">ii) Indexation when applied to the cost of acquisition becomes</span><br><span style="font-size: large;">indexed cost of acquisition. The purpose of indexation is to increase the</span><br><span style="font-size: large;">cost of assets in line with the inflation trends seen on a yearly basis. It</span><br><span style="font-size: large;">helps in increasing the historical purchase price of the assets, resulting</span><br><span style="font-size: large;">in lower capital gains. Central Government notifies the cost inflation</span><br><span style="font-size: large;">index (CII) in the official gazette on a yearly basis.</span></p><h3 style="box-sizing: border-box; font-family: -apple-system, BlinkMacSystemFont, &quot;Segoe UI&quot;, Helvetica, Arial, sans-serif; margin-top: 0px; font-size: 18px; font-weight: 600; color: rgb(51, 51, 51); font-style: normal; font-variant-ligatures: normal; font-variant-caps: normal; letter-spacing: normal; orphans: 2; text-align: start; text-indent: 0px; text-transform: none; widows: 2; word-spacing: 0px; -webkit-text-stroke-width: 0px; white-space: normal; background-color: rgb(255, 255, 255); text-decoration-thickness: initial; text-decoration-style: initial; text-decoration-color: initial;"><span style="font-size: large;"><strong>Illustrations</strong></span></h3><p style="box-sizing: border-box; color: rgb(51, 51, 51); font-family: -apple-system, BlinkMacSystemFont, &quot;Segoe UI&quot;, Helvetica, Arial, sans-serif; font-size: 15px; font-style: normal; font-variant-ligatures: normal; font-variant-caps: normal; font-weight: 400; letter-spacing: normal; orphans: 2; text-align: start; text-indent: 0px; text-transform: none; widows: 2; word-spacing: 0px; -webkit-text-stroke-width: 0px; white-space: normal; background-color: rgb(255, 255, 255); text-decoration-thickness: initial; text-decoration-style: initial; text-decoration-color: initial;"><span style="font-size: large;">Mr. A purchased a property in the year 1995 for an amount of Rs.5,00,000/- The property is sold in FY25 i.e., the current financial year for Rs.80,00,000/-. Let’s calculate the Capital Gains Tax for the current year as per</span><br><span style="font-size: large;">the latest budget pronouncements.</span></p><p style="box-sizing: border-box; color: rgb(51, 51, 51); font-family: -apple-system, BlinkMacSystemFont, &quot;Segoe UI&quot;, Helvetica, Arial, sans-serif; font-size: 15px; font-style: normal; font-variant-ligatures: normal; font-variant-caps: normal; font-weight: 400; letter-spacing: normal; orphans: 2; text-align: start; text-indent: 0px; text-transform: none; widows: 2; word-spacing: 0px; -webkit-text-stroke-width: 0px; white-space: normal; background-color: rgb(255, 255, 255); text-decoration-thickness: initial; text-decoration-style: initial; text-decoration-color: initial;"><span style="font-size: large;">Original Purchase Price as of 1995 Rs.5,00,000</span><br><span style="font-size: large;">Fair Market Value as of 1/4/2001 of the property Rs.20,00,000</span><br><span style="font-size: large;">Stamp Duty Value as of 1/4/2001 of the property sold Rs.5,00,000</span></p><p style="box-sizing: border-box; color: rgb(51, 51, 51); font-family: -apple-system, BlinkMacSystemFont, &quot;Segoe UI&quot;, Helvetica, Arial, sans-serif; font-size: 15px; font-style: normal; font-variant-ligatures: normal; font-variant-caps: normal; font-weight: 400; letter-spacing: normal; orphans: 2; text-align: start; text-indent: 0px; text-transform: none; widows: 2; word-spacing: 0px; -webkit-text-stroke-width: 0px; white-space: normal; background-color: rgb(255, 255, 255); text-decoration-thickness: initial; text-decoration-style: initial; text-decoration-color: initial;"><span style="font-size: large;"><em>Indexed cost of acquisition in FY 25 is 15</em>363/100=54.45</span></p><p style="box-sizing: border-box; color: rgb(51, 51, 51); font-family: -apple-system, BlinkMacSystemFont, &quot;Segoe UI&quot;, Helvetica, Arial, sans-serif; font-size: 15px; font-style: normal; font-variant-ligatures: normal; font-variant-caps: normal; font-weight: 400; letter-spacing: normal; orphans: 2; text-align: start; text-indent: 0px; text-transform: none; widows: 2; word-spacing: 0px; -webkit-text-stroke-width: 0px; white-space: normal; background-color: rgb(255, 255, 255); text-decoration-thickness: initial; text-decoration-style: initial; text-decoration-color: initial;"><span style="font-size: large;">54,45,000</span><br><span style="font-size: large;">(Stamp Duty value being lower than FMV taken for indexation)</span><br><span style="font-size: large;">Long Term Capital Gain = Sales consideration – Indexed Cost of acquisition</span><br><span style="font-size: large;">(80,00,000-54,45,000 = Rs.25,55,000/-)OR</span></p><p style="box-sizing: border-box; color: rgb(51, 51, 51); font-family: -apple-system, BlinkMacSystemFont, &quot;Segoe UI&quot;, Helvetica, Arial, sans-serif; font-size: 15px; font-style: normal; font-variant-ligatures: normal; font-variant-caps: normal; font-weight: 400; letter-spacing: normal; orphans: 2; text-align: start; text-indent: 0px; text-transform: none; widows: 2; word-spacing: 0px; -webkit-text-stroke-width: 0px; white-space: normal; background-color: rgb(255, 255, 255); text-decoration-thickness: initial; text-decoration-style: initial; text-decoration-color: initial;"><span style="font-size: large;">Long Term Capital Gain = Sales consideration – Original Purchase price</span><br><span style="font-size: large;">(80,00,000-15,00,000 = Rs.65,00,000/-) (Value as of 1/4/2001 to be considered</span><br><span style="font-size: large;">as higher than the purchase price)</span><br><span style="font-size: large;">LTCG = 25,55,000*20/100 = Rs.5,11,000/-</span><br><span style="font-size: large;">OR</span><br><span style="font-size: large;">LTCG = 65,00,000*12.5/100 =Rs.8,12,500/-</span><br><span style="font-size: large;">Assessee will choose the lower option i.e., 5,11,000</span></p><p style="box-sizing: border-box; color: rgb(51, 51, 51); font-family: -apple-system, BlinkMacSystemFont, &quot;Segoe UI&quot;, Helvetica, Arial, sans-serif; font-size: 15px; font-style: normal; font-variant-ligatures: normal; font-variant-caps: normal; font-weight: 400; letter-spacing: normal; orphans: 2; text-align: start; text-indent: 0px; text-transform: none; widows: 2; word-spacing: 0px; -webkit-text-stroke-width: 0px; white-space: normal; background-color: rgb(255, 255, 255); text-decoration-thickness: initial; text-decoration-style: initial; text-decoration-color: initial;"><span style="font-size: large;">Please note if the property sold is purchased after July 23, 2024, then on its sale after</span><br><span style="font-size: large;">holding for a period of 24 months or more the option of indexing the cost is</span><br><span style="font-size: large;">withdrawn and a 12.5% tax will be levied on the difference between Sales</span><br><span style="font-size: large;">consideration and the purchase price.</span></p><p style="box-sizing: border-box; margin-bottom: 0px; color: rgb(51, 51, 51); font-family: -apple-system, BlinkMacSystemFont, &quot;Segoe UI&quot;, Helvetica, Arial, sans-serif; font-size: 15px; font-style: normal; font-variant-ligatures: normal; font-variant-caps: normal; font-weight: 400; letter-spacing: normal; orphans: 2; text-align: start; text-indent: 0px; text-transform: none; widows: 2; word-spacing: 0px; -webkit-text-stroke-width: 0px; white-space: normal; background-color: rgb(255, 255, 255); text-decoration-thickness: initial; text-decoration-style: initial; text-decoration-color: initial;"><span style="font-size: large;">Encl: Cost Inflation Index Table</span></p><p></p>', 1, NULL, NULL, 'active', 0, '2025-10-09 18:51:56', '2025-10-09 18:51:56'),
	(3, 'TAX MADE EASY SERIES - 3', '0001-tax-made-easy-series-3', '<p>\n  My IT Return is starting a series of articles highlighting the amendments made\n  in the recent budget with the help of simple illustrations for easy\n  understanding of the income-tax payers. These articles will be indexed and\n  saved on our site for easy reference. Please note, that practical insights too\n  will be shared, enabling error-free return filing by the assesses.\n</p>\n<h2\n  style=\'text-align: center; box-sizing: border-box; font-family: -apple-system, BlinkMacSystemFont, "Segoe UI", Helvetica, Arial, sans-serif; margin-top: 0px; font-size: 22px; color: rgb(51, 51, 51); font-style: normal; font-variant-ligatures: normal; font-variant-caps: normal; letter-spacing: normal; orphans: 2; text-indent: 0px; text-transform: none; widows: 2; word-spacing: 0px; -webkit-text-stroke-width: 0px; white-space: normal; background-color: rgb(255, 255, 255); text-decoration-thickness: initial; text-decoration-style: initial; text-decoration-color: initial;\'\n>\n  <strong>&nbsp;</strong>\n  <span style="color: rgb(47, 84, 150);">\n    <strong>NPS GETS MORE ATTRACTIVE</strong>\n  </span>\n</h2>\n<p\n  style=\'text-align: justify; box-sizing: border-box; color: rgb(51, 51, 51); font-family: -apple-system, BlinkMacSystemFont, "Segoe UI", Helvetica, Arial, sans-serif; font-size: 15px; font-style: normal; font-variant-ligatures: normal; font-variant-caps: normal; font-weight: 400; letter-spacing: normal; orphans: 2; text-indent: 0px; text-transform: none; widows: 2; word-spacing: 0px; -webkit-text-stroke-width: 0px; white-space: normal; background-color: rgb(255, 255, 255); text-decoration-thickness: initial; text-decoration-style: initial; text-decoration-color: initial;\'\n>\n  <span style="color: rgb(71, 71, 71);">\n    The budget has encouraged retirement planning by increasing the tax benefit\n    on NPS payments and adding a new option to the pension system for minor\n    children.\n  </span>\n</p>\n<p\n  style=\'text-align: justify; box-sizing: border-box; color: rgb(51, 51, 51); font-family: -apple-system, BlinkMacSystemFont, "Segoe UI", Helvetica, Arial, sans-serif; font-size: 15px; font-style: normal; font-variant-ligatures: normal; font-variant-caps: normal; font-weight: 400; letter-spacing: normal; orphans: 2; text-indent: 0px; text-transform: none; widows: 2; word-spacing: 0px; -webkit-text-stroke-width: 0px; white-space: normal; background-color: rgb(255, 255, 255); text-decoration-thickness: initial; text-decoration-style: initial; text-decoration-color: initial;\'\n>\n  <span style="color: rgb(71, 71, 71);">\n    We list below the\n    <strong>deductions</strong>\n    available for contributions made to the pension scheme as enunciated by the\n    government i.e., the National Pension Scheme (NPS).\n  </span>\n</p>\n<ol>\n  <li>\n    <p>\n      &nbsp;As per the provisions of section 80CCD(1) assess is allowed a\n      deduction in the computation of his total income, of the whole amount\n      paid/deposited by the taxpayer as does not exceed:\n    </p>\n  </li>\n  <li>\n    <p>\n      In the case of an employee, ten per cent of his salary in the previous\n      year; and\n    </p>\n  </li>\n  <li>\n    <p>\n      In any other case, 20 per cent of his gross total income of the previous\n      year\n    </p>\n  </li>\n</ol>\n<p\n  style=\'text-align: justify; box-sizing: border-box; color: rgb(51, 51, 51); font-family: -apple-system, BlinkMacSystemFont, "Segoe UI", Helvetica, Arial, sans-serif; font-size: 15px; font-style: normal; font-variant-ligatures: normal; font-variant-caps: normal; font-weight: 400; letter-spacing: normal; orphans: 2; text-indent: 0px; text-transform: none; widows: 2; word-spacing: 0px; -webkit-text-stroke-width: 0px; white-space: normal; background-color: rgb(255, 255, 255); text-decoration-thickness: initial; text-decoration-style: initial; text-decoration-color: initial;\'\n>\n  <span style="color: rgb(71, 71, 71);">\n    The deduction U/S 80CCD(1) is capped at\n    <strong>Rs.1.5 lacs</strong>\n    as per section\n    <strong>80CCE</strong>\n    . 80CCE restricts total deduction claimed u/s 80C, 80CCC and 80CCD(1). In\n    addition to the deduction of Rs.1.5 lacs, there is an additional deduction\n    of Rs.50,000/- available under the provisions of section\n    <strong>80CCD(1B)</strong>\n    over and above the limit of Rs.1.5 lacs as fixed by section 80CCE.\n    <strong>\n      Both deductions are available only if the taxpayers are filing their\n      returns as per the OLD regime.\n    </strong>\n  </span>\n</p>\n<p\n  style=\'text-align: justify; box-sizing: border-box; color: rgb(51, 51, 51); font-family: -apple-system, BlinkMacSystemFont, "Segoe UI", Helvetica, Arial, sans-serif; font-size: 15px; font-style: normal; font-variant-ligatures: normal; font-variant-caps: normal; font-weight: 400; letter-spacing: normal; orphans: 2; text-indent: 0px; text-transform: none; widows: 2; word-spacing: 0px; -webkit-text-stroke-width: 0px; white-space: normal; background-color: rgb(255, 255, 255); text-decoration-thickness: initial; text-decoration-style: initial; text-decoration-color: initial;\'\n>\n  <span style="color: rgb(71, 71, 71);">\n    <strong>Illustration:</strong>\n    Person A is drawing a salary of Rs.50k per month. He is claiming a deduction\n    say under section 80C of Rs.72,000/- for the year. Deduction available under\n    section 80CCD(1) will be Rs.60,000/- 10% of Rs.6 lacs deposited to the\n    pension fund by the Assessee. As the total combined deduction(72000k+60000K)\n    is less than Rs.1.5 lacs, the entire deduction of Rs.60,000 u/s 80CCD(1)\n    will be available to A. In case A draws a salary of Rs12 lacs per annum and\n    claims deduction u/s 80 C of Rs.1.44 lacs then irrespective of a higher\n    contribution of Rs.1.2 lacs u/s 80CCD(1) i.e., 10% of the salary, the\n    deduction available will be restricted to Rs.56,000 I.E., Rs.6,000u/s\n    80CCD(1) and additional deduction of Rs.50,000 u/s 80CCD(1B). The balance\n    contribution (Rs.1.2 lacs – Rs.56,000) of Rs.64,000 cannot be claimed as a\n    deduction.\n  </span>\n</p>\n<p\n  style=\'text-align: justify; box-sizing: border-box; color: rgb(51, 51, 51); font-family: -apple-system, BlinkMacSystemFont, "Segoe UI", Helvetica, Arial, sans-serif; font-size: 15px; font-style: normal; font-variant-ligatures: normal; font-variant-caps: normal; font-weight: 400; letter-spacing: normal; orphans: 2; text-indent: 0px; text-transform: none; widows: 2; word-spacing: 0px; -webkit-text-stroke-width: 0px; white-space: normal; background-color: rgb(255, 255, 255); text-decoration-thickness: initial; text-decoration-style: initial; text-decoration-color: initial;\'\n>\n  <span style="color: rgb(71, 71, 71);">&nbsp;</span>\n  Assessee is also entitled to a deduction of the contribution made by the\n  employer to the pension scheme notified by the Central Government. As per the\n  recent budget, the contribution made by the employer to the extent of 14% of\n  the salary is wholly deductible u/s 80CCD(2). Till the previous year, only\n  Govt. employees were entitled to a 14% deduction and all others to the extent\n  of 10%. In this budget contribution made by all employers is deductible to the\n  extent of 14% of the salary. For purposes of this section, “salary” includes\n  dearness allowance, if the terms of employment so provides and excludes all\n  other allowances and perquisites.\n</p>\n<p\n  style=\'text-align: justify; box-sizing: border-box; color: rgb(51, 51, 51); font-family: -apple-system, BlinkMacSystemFont, "Segoe UI", Helvetica, Arial, sans-serif; font-size: 15px; font-style: normal; font-variant-ligatures: normal; font-variant-caps: normal; font-weight: 400; letter-spacing: normal; orphans: 2; text-indent: 0px; text-transform: none; widows: 2; word-spacing: 0px; -webkit-text-stroke-width: 0px; white-space: normal; background-color: rgb(255, 255, 255); text-decoration-thickness: initial; text-decoration-style: initial; text-decoration-color: initial;\'\n>\n  <span style="color: rgb(71, 71, 71);"><strong>NOTES:</strong></span>\n</p>\n<ol>\n  <li>\n    <p>\n      Deduction of Rs. 80CCD(1) &amp; (1B) is available for Tier 1 NPS accounts\n      which are principally used for building retirement funds. Tier 2 NPS\n      accounts are not tax exempt though 80C deduction is available to govt.\n      employees for the contributions made to Tier 2 accounts after a\n      lock-in-period of three years.\n    </p>\n  </li>\n  <li>\n    <p>\n      The OLD tax regime allows three deductions i.e., under sections 80CCD (1)\n      (Rs.1.5 lacs), 80CCD(1B) (Rs. 50,000) and 80CCD (2) whereas the NEW tax\n      regime offers the NPS benefit only under section 80CCD(2) i.e.,\n      contribution made by the employer.\n    </p>\n  </li>\n  <li>\n    <p>\n      Deduction of 14% contribution made by the employer is available to\n      taxpayers only if the returns are filed under the NEW regime for non-\n      central government employees. For non- central govt. employees filing tax\n      returns under the OLD regime, deduction is restricted to contribution of\n      10% of the salary. Central Govt. employees can claim deduction of 14% of\n      the contribution under both regimes.\n    </p>\n  </li>\n  <li>\n    <p>\n      Any withdrawal from the pension scheme on closure or opting out or annuity\n      received by the taxpayers is fully taxable in the hands of the assesses.\n    </p>\n  </li>\n</ol>\n<p\n  style=\'box-sizing: border-box; margin-bottom: 0px; color: rgb(51, 51, 51); font-family: -apple-system, BlinkMacSystemFont, "Segoe UI", Helvetica, Arial, sans-serif; font-size: 15px; font-style: normal; font-variant-ligatures: normal; font-variant-caps: normal; font-weight: 400; letter-spacing: normal; orphans: 2; text-align: start; text-indent: 0px; text-transform: none; widows: 2; word-spacing: 0px; -webkit-text-stroke-width: 0px; white-space: normal; background-color: rgb(255, 255, 255); text-decoration-thickness: initial; text-decoration-style: initial; text-decoration-color: initial;\'\n>\n  <span style="color: rgb(49, 66, 89);">\n    The&nbsp;NPS Vatsalya proposed in Budget 2024 is a pension scheme enabling\n    parents and guardians to open an NPS account and contribute an amount every\n    month or year till the child reaches 18 years. There are no additional tax\n    benefits available to NPS Vatsalya.\n  </span>\n</p>\n', 1, NULL, NULL, 'active', 0, '2025-10-09 18:52:51', '2025-10-09 18:53:28'),
	(4, 'How can cryptocurrency income be reported on the myITreturn platform?', '0002-how-can-cryptocurrency-income-be-reported-on-the-myitreturn-platform', '<p><strong>Step:1 Login to </strong><a target="_blank" rel="noopener noreferrer nofollow" href="http://myITreturn.com"><strong>myITreturn.com</strong></a></p><p style="box-sizing: border-box; color: rgb(51, 51, 51); font-family: -apple-system, BlinkMacSystemFont, &quot;Segoe UI&quot;, Helvetica, Arial, sans-serif; font-size: 15px; font-style: normal; font-variant-ligatures: normal; font-variant-caps: normal; font-weight: 400; letter-spacing: normal; orphans: 2; text-align: start; text-indent: 0px; text-transform: none; widows: 2; word-spacing: 0px; -webkit-text-stroke-width: 0px; white-space: normal; background-color: rgb(255, 255, 255); text-decoration-thickness: initial; text-decoration-style: initial; text-decoration-color: initial;">&nbsp;</p><p style="box-sizing: border-box; color: rgb(51, 51, 51); font-family: -apple-system, BlinkMacSystemFont, &quot;Segoe UI&quot;, Helvetica, Arial, sans-serif; font-size: 15px; font-style: normal; font-variant-ligatures: normal; font-variant-caps: normal; font-weight: 400; letter-spacing: normal; orphans: 2; text-align: start; text-indent: 0px; text-transform: none; widows: 2; word-spacing: 0px; -webkit-text-stroke-width: 0px; white-space: normal; background-color: rgb(255, 255, 255); text-decoration-thickness: initial; text-decoration-style: initial; text-decoration-color: initial;"></p><img src="https://help.myitreturn.com/hc/article_attachments/45110238754073" style="box-sizing: border-box; border-style: none; height: auto; max-width: 100%;"><p style="box-sizing: border-box; color: rgb(51, 51, 51); font-family: -apple-system, BlinkMacSystemFont, &quot;Segoe UI&quot;, Helvetica, Arial, sans-serif; font-size: 15px; font-style: normal; font-variant-ligatures: normal; font-variant-caps: normal; font-weight: 400; letter-spacing: normal; orphans: 2; text-align: start; text-indent: 0px; text-transform: none; widows: 2; word-spacing: 0px; -webkit-text-stroke-width: 0px; white-space: normal; background-color: rgb(255, 255, 255); text-decoration-thickness: initial; text-decoration-style: initial; text-decoration-color: initial;">&nbsp;</p><p style="box-sizing: border-box; color: rgb(51, 51, 51); font-family: -apple-system, BlinkMacSystemFont, &quot;Segoe UI&quot;, Helvetica, Arial, sans-serif; font-size: 15px; font-style: normal; font-variant-ligatures: normal; font-variant-caps: normal; font-weight: 400; letter-spacing: normal; orphans: 2; text-align: start; text-indent: 0px; text-transform: none; widows: 2; word-spacing: 0px; -webkit-text-stroke-width: 0px; white-space: normal; background-color: rgb(255, 255, 255); text-decoration-thickness: initial; text-decoration-style: initial; text-decoration-color: initial;"><strong>Step:2 Select a member</strong></p><p style="box-sizing: border-box; color: rgb(51, 51, 51); font-family: -apple-system, BlinkMacSystemFont, &quot;Segoe UI&quot;, Helvetica, Arial, sans-serif; font-size: 15px; font-style: normal; font-variant-ligatures: normal; font-variant-caps: normal; font-weight: 400; letter-spacing: normal; orphans: 2; text-align: start; text-indent: 0px; text-transform: none; widows: 2; word-spacing: 0px; -webkit-text-stroke-width: 0px; white-space: normal; background-color: rgb(255, 255, 255); text-decoration-thickness: initial; text-decoration-style: initial; text-decoration-color: initial;">&nbsp;</p><p style="box-sizing: border-box; color: rgb(51, 51, 51); font-family: -apple-system, BlinkMacSystemFont, &quot;Segoe UI&quot;, Helvetica, Arial, sans-serif; font-size: 15px; font-style: normal; font-variant-ligatures: normal; font-variant-caps: normal; font-weight: 400; letter-spacing: normal; orphans: 2; text-align: start; text-indent: 0px; text-transform: none; widows: 2; word-spacing: 0px; -webkit-text-stroke-width: 0px; white-space: normal; background-color: rgb(255, 255, 255); text-decoration-thickness: initial; text-decoration-style: initial; text-decoration-color: initial;"></p><img src="https://help.myitreturn.com/hc/article_attachments/45111755063833" style="box-sizing: border-box; border-style: none; height: auto; max-width: 100%;"><p style="box-sizing: border-box; color: rgb(51, 51, 51); font-family: -apple-system, BlinkMacSystemFont, &quot;Segoe UI&quot;, Helvetica, Arial, sans-serif; font-size: 15px; font-style: normal; font-variant-ligatures: normal; font-variant-caps: normal; font-weight: 400; letter-spacing: normal; orphans: 2; text-align: start; text-indent: 0px; text-transform: none; widows: 2; word-spacing: 0px; -webkit-text-stroke-width: 0px; white-space: normal; background-color: rgb(255, 255, 255); text-decoration-thickness: initial; text-decoration-style: initial; text-decoration-color: initial;"><strong>Step:3 Select the "Continue Self-Filing"</strong></p><p style="box-sizing: border-box; color: rgb(51, 51, 51); font-family: -apple-system, BlinkMacSystemFont, &quot;Segoe UI&quot;, Helvetica, Arial, sans-serif; font-size: 15px; font-style: normal; font-variant-ligatures: normal; font-variant-caps: normal; font-weight: 400; letter-spacing: normal; orphans: 2; text-align: start; text-indent: 0px; text-transform: none; widows: 2; word-spacing: 0px; -webkit-text-stroke-width: 0px; white-space: normal; background-color: rgb(255, 255, 255); text-decoration-thickness: initial; text-decoration-style: initial; text-decoration-color: initial;">&nbsp;</p><p style="box-sizing: border-box; color: rgb(51, 51, 51); font-family: -apple-system, BlinkMacSystemFont, &quot;Segoe UI&quot;, Helvetica, Arial, sans-serif; font-size: 15px; font-style: normal; font-variant-ligatures: normal; font-variant-caps: normal; font-weight: 400; letter-spacing: normal; orphans: 2; text-align: start; text-indent: 0px; text-transform: none; widows: 2; word-spacing: 0px; -webkit-text-stroke-width: 0px; white-space: normal; background-color: rgb(255, 255, 255); text-decoration-thickness: initial; text-decoration-style: initial; text-decoration-color: initial;"></p><img src="https://help.myitreturn.com/hc/article_attachments/45111755092121" style="box-sizing: border-box; border-style: none; height: auto; max-width: 100%;"><p style="box-sizing: border-box; color: rgb(51, 51, 51); font-family: -apple-system, BlinkMacSystemFont, &quot;Segoe UI&quot;, Helvetica, Arial, sans-serif; font-size: 15px; font-style: normal; font-variant-ligatures: normal; font-variant-caps: normal; font-weight: 400; letter-spacing: normal; orphans: 2; text-align: start; text-indent: 0px; text-transform: none; widows: 2; word-spacing: 0px; -webkit-text-stroke-width: 0px; white-space: normal; background-color: rgb(255, 255, 255); text-decoration-thickness: initial; text-decoration-style: initial; text-decoration-color: initial;">&nbsp;</p><p style="box-sizing: border-box; color: rgb(51, 51, 51); font-family: -apple-system, BlinkMacSystemFont, &quot;Segoe UI&quot;, Helvetica, Arial, sans-serif; font-size: 15px; font-style: normal; font-variant-ligatures: normal; font-variant-caps: normal; font-weight: 400; letter-spacing: normal; orphans: 2; text-align: start; text-indent: 0px; text-transform: none; widows: 2; word-spacing: 0px; -webkit-text-stroke-width: 0px; white-space: normal; background-color: rgb(255, 255, 255); text-decoration-thickness: initial; text-decoration-style: initial; text-decoration-color: initial;"><strong>Step:4 Choose "Crypto/VDA" from the Income dropdown menu.</strong></p><p style="box-sizing: border-box; color: rgb(51, 51, 51); font-family: -apple-system, BlinkMacSystemFont, &quot;Segoe UI&quot;, Helvetica, Arial, sans-serif; font-size: 15px; font-style: normal; font-variant-ligatures: normal; font-variant-caps: normal; font-weight: 400; letter-spacing: normal; orphans: 2; text-align: start; text-indent: 0px; text-transform: none; widows: 2; word-spacing: 0px; -webkit-text-stroke-width: 0px; white-space: normal; background-color: rgb(255, 255, 255); text-decoration-thickness: initial; text-decoration-style: initial; text-decoration-color: initial;">&nbsp;</p><p style="box-sizing: border-box; color: rgb(51, 51, 51); font-family: -apple-system, BlinkMacSystemFont, &quot;Segoe UI&quot;, Helvetica, Arial, sans-serif; font-size: 15px; font-style: normal; font-variant-ligatures: normal; font-variant-caps: normal; font-weight: 400; letter-spacing: normal; orphans: 2; text-align: start; text-indent: 0px; text-transform: none; widows: 2; word-spacing: 0px; -webkit-text-stroke-width: 0px; white-space: normal; background-color: rgb(255, 255, 255); text-decoration-thickness: initial; text-decoration-style: initial; text-decoration-color: initial;"></p><img src="https://help.myitreturn.com/hc/article_attachments/45111755093913" style="box-sizing: border-box; border-style: none; height: auto; max-width: 100%;"><p style="box-sizing: border-box; color: rgb(51, 51, 51); font-family: -apple-system, BlinkMacSystemFont, &quot;Segoe UI&quot;, Helvetica, Arial, sans-serif; font-size: 15px; font-style: normal; font-variant-ligatures: normal; font-variant-caps: normal; font-weight: 400; letter-spacing: normal; orphans: 2; text-align: start; text-indent: 0px; text-transform: none; widows: 2; word-spacing: 0px; -webkit-text-stroke-width: 0px; white-space: normal; background-color: rgb(255, 255, 255); text-decoration-thickness: initial; text-decoration-style: initial; text-decoration-color: initial;">&nbsp;</p><p style="box-sizing: border-box; color: rgb(51, 51, 51); font-family: -apple-system, BlinkMacSystemFont, &quot;Segoe UI&quot;, Helvetica, Arial, sans-serif; font-size: 15px; font-style: normal; font-variant-ligatures: normal; font-variant-caps: normal; font-weight: 400; letter-spacing: normal; orphans: 2; text-align: start; text-indent: 0px; text-transform: none; widows: 2; word-spacing: 0px; -webkit-text-stroke-width: 0px; white-space: normal; background-color: rgb(255, 255, 255); text-decoration-thickness: initial; text-decoration-style: initial; text-decoration-color: initial;"><strong>Step:5 Select the "Add Transaction" option.</strong></p><p style="box-sizing: border-box; color: rgb(51, 51, 51); font-family: -apple-system, BlinkMacSystemFont, &quot;Segoe UI&quot;, Helvetica, Arial, sans-serif; font-size: 15px; font-style: normal; font-variant-ligatures: normal; font-variant-caps: normal; font-weight: 400; letter-spacing: normal; orphans: 2; text-align: start; text-indent: 0px; text-transform: none; widows: 2; word-spacing: 0px; -webkit-text-stroke-width: 0px; white-space: normal; background-color: rgb(255, 255, 255); text-decoration-thickness: initial; text-decoration-style: initial; text-decoration-color: initial;">&nbsp;</p><p style="box-sizing: border-box; color: rgb(51, 51, 51); font-family: -apple-system, BlinkMacSystemFont, &quot;Segoe UI&quot;, Helvetica, Arial, sans-serif; font-size: 15px; font-style: normal; font-variant-ligatures: normal; font-variant-caps: normal; font-weight: 400; letter-spacing: normal; orphans: 2; text-align: start; text-indent: 0px; text-transform: none; widows: 2; word-spacing: 0px; -webkit-text-stroke-width: 0px; white-space: normal; background-color: rgb(255, 255, 255); text-decoration-thickness: initial; text-decoration-style: initial; text-decoration-color: initial;"></p><img src="https://help.myitreturn.com/hc/article_attachments/45111748503193" style="box-sizing: border-box; border-style: none; height: auto; max-width: 100%;"><p style="box-sizing: border-box; color: rgb(51, 51, 51); font-family: -apple-system, BlinkMacSystemFont, &quot;Segoe UI&quot;, Helvetica, Arial, sans-serif; font-size: 15px; font-style: normal; font-variant-ligatures: normal; font-variant-caps: normal; font-weight: 400; letter-spacing: normal; orphans: 2; text-align: start; text-indent: 0px; text-transform: none; widows: 2; word-spacing: 0px; -webkit-text-stroke-width: 0px; white-space: normal; background-color: rgb(255, 255, 255); text-decoration-thickness: initial; text-decoration-style: initial; text-decoration-color: initial;">&nbsp;</p><p style="box-sizing: border-box; color: rgb(51, 51, 51); font-family: -apple-system, BlinkMacSystemFont, &quot;Segoe UI&quot;, Helvetica, Arial, sans-serif; font-size: 15px; font-style: normal; font-variant-ligatures: normal; font-variant-caps: normal; font-weight: 400; letter-spacing: normal; orphans: 2; text-align: start; text-indent: 0px; text-transform: none; widows: 2; word-spacing: 0px; -webkit-text-stroke-width: 0px; white-space: normal; background-color: rgb(255, 255, 255); text-decoration-thickness: initial; text-decoration-style: initial; text-decoration-color: initial;"><strong>Step:6 Input the cryptocurrency details and proceed by clicking "Submit."</strong></p><p style="box-sizing: border-box; color: rgb(51, 51, 51); font-family: -apple-system, BlinkMacSystemFont, &quot;Segoe UI&quot;, Helvetica, Arial, sans-serif; font-size: 15px; font-style: normal; font-variant-ligatures: normal; font-variant-caps: normal; font-weight: 400; letter-spacing: normal; orphans: 2; text-align: start; text-indent: 0px; text-transform: none; widows: 2; word-spacing: 0px; -webkit-text-stroke-width: 0px; white-space: normal; background-color: rgb(255, 255, 255); text-decoration-thickness: initial; text-decoration-style: initial; text-decoration-color: initial;">&nbsp;</p><p style="box-sizing: border-box; color: rgb(51, 51, 51); font-family: -apple-system, BlinkMacSystemFont, &quot;Segoe UI&quot;, Helvetica, Arial, sans-serif; font-size: 15px; font-style: normal; font-variant-ligatures: normal; font-variant-caps: normal; font-weight: 400; letter-spacing: normal; orphans: 2; text-align: start; text-indent: 0px; text-transform: none; widows: 2; word-spacing: 0px; -webkit-text-stroke-width: 0px; white-space: normal; background-color: rgb(255, 255, 255); text-decoration-thickness: initial; text-decoration-style: initial; text-decoration-color: initial;"></p><img src="https://help.myitreturn.com/hc/article_attachments/45111919049753" style="box-sizing: border-box; border-style: none; height: auto; max-width: 100%;"><p style="box-sizing: border-box; color: rgb(51, 51, 51); font-family: -apple-system, BlinkMacSystemFont, &quot;Segoe UI&quot;, Helvetica, Arial, sans-serif; font-size: 15px; font-style: normal; font-variant-ligatures: normal; font-variant-caps: normal; font-weight: 400; letter-spacing: normal; orphans: 2; text-align: start; text-indent: 0px; text-transform: none; widows: 2; word-spacing: 0px; -webkit-text-stroke-width: 0px; white-space: normal; background-color: rgb(255, 255, 255); text-decoration-thickness: initial; text-decoration-style: initial; text-decoration-color: initial;">&nbsp;</p><p style="box-sizing: border-box; color: rgb(51, 51, 51); font-family: -apple-system, BlinkMacSystemFont, &quot;Segoe UI&quot;, Helvetica, Arial, sans-serif; font-size: 15px; font-style: normal; font-variant-ligatures: normal; font-variant-caps: normal; font-weight: 400; letter-spacing: normal; orphans: 2; text-align: start; text-indent: 0px; text-transform: none; widows: 2; word-spacing: 0px; -webkit-text-stroke-width: 0px; white-space: normal; background-color: rgb(255, 255, 255); text-decoration-thickness: initial; text-decoration-style: initial; text-decoration-color: initial;"><strong>Step:7 The summary details report is displayed here, and you can add multiple entries by selecting the "Add" button.</strong></p><p style="box-sizing: border-box; color: rgb(51, 51, 51); font-family: -apple-system, BlinkMacSystemFont, &quot;Segoe UI&quot;, Helvetica, Arial, sans-serif; font-size: 15px; font-style: normal; font-variant-ligatures: normal; font-variant-caps: normal; font-weight: 400; letter-spacing: normal; orphans: 2; text-align: start; text-indent: 0px; text-transform: none; widows: 2; word-spacing: 0px; -webkit-text-stroke-width: 0px; white-space: normal; background-color: rgb(255, 255, 255); text-decoration-thickness: initial; text-decoration-style: initial; text-decoration-color: initial;">&nbsp;</p><p style="box-sizing: border-box; color: rgb(51, 51, 51); font-family: -apple-system, BlinkMacSystemFont, &quot;Segoe UI&quot;, Helvetica, Arial, sans-serif; font-size: 15px; font-style: normal; font-variant-ligatures: normal; font-variant-caps: normal; font-weight: 400; letter-spacing: normal; orphans: 2; text-align: start; text-indent: 0px; text-transform: none; widows: 2; word-spacing: 0px; -webkit-text-stroke-width: 0px; white-space: normal; background-color: rgb(255, 255, 255); text-decoration-thickness: initial; text-decoration-style: initial; text-decoration-color: initial;"></p><img src="https://help.myitreturn.com/hc/article_attachments/45111819015961" style="box-sizing: border-box; border-style: none; height: auto; max-width: 100%;"><p style="box-sizing: border-box; margin-bottom: 0px;"><span style="color: rgb(51, 51, 51); font-family: -apple-system, BlinkMacSystemFont, &quot; Segoe UI&quot;, Helvetica, Arial, sans-serif;"><strong>For further assistance, feel free to reach out to us on WhatsApp at +91-9320546101</strong></span></p>', 2, NULL, NULL, 'active', 0, '2025-10-09 18:56:51', '2025-10-09 18:56:51'),
	(5, 'What are Virtual Digital Assets (Crypto, NFC, Tokens, etc)?', '0002-what-are-virtual-digital-assets-crypto-nfc-tokens-etc', '<p>The Income Tax Act has defined Crypto Currencies as Virtual Digital Assets where virtual digital asset means:&nbsp;</p><p style="text-align: justify; box-sizing: border-box; margin-bottom: 0px; color: rgb(51, 51, 51); font-family: -apple-system, BlinkMacSystemFont, &quot;Segoe UI&quot;, Helvetica, Arial, sans-serif; font-size: 15px; font-style: normal; font-variant-ligatures: normal; font-variant-caps: normal; font-weight: 400; letter-spacing: normal; orphans: 2; text-indent: 0px; text-transform: none; widows: 2; word-spacing: 0px; -webkit-text-stroke-width: 0px; white-space: normal; background-color: rgb(255, 255, 255); text-decoration-thickness: initial; text-decoration-style: initial; text-decoration-color: initial;">Any information or code or number or token (not being in any currency) providing a digital representation of value exchanged, or having an inherent value, or functions as a store of value or a unit of account. This can be used in any financial transaction or investment and can be transferred, stored or traded electronically and it includes Non-Fungible Tokens (NFTs).</p>', 2, NULL, NULL, 'active', 0, '2025-10-09 18:58:10', '2025-10-09 18:58:41'),
	(6, 'How will crypto gains be calculated?', '0002-how-will-crypto-gains-be-calculated', '<p>No deduction in respect of any expenditure (<strong>other than the cost of acquisition</strong>) shall be allowed while calculating income from Crypto Currencies, the crypto gain calculations will be done in the following manner.</p><p style="text-align: justify; box-sizing: border-box; color: rgb(51, 51, 51); font-family: -apple-system, BlinkMacSystemFont, &quot;Segoe UI&quot;, Helvetica, Arial, sans-serif; font-size: 15px; font-style: normal; font-variant-ligatures: normal; font-variant-caps: normal; font-weight: 400; letter-spacing: normal; orphans: 2; text-indent: 0px; text-transform: none; widows: 2; word-spacing: 0px; -webkit-text-stroke-width: 0px; white-space: normal; background-color: rgb(255, 255, 255); text-decoration-thickness: initial; text-decoration-style: initial; text-decoration-color: initial;">&nbsp;</p><table style="box-sizing: border-box; color: rgb(51, 51, 51); font-family: -apple-system, BlinkMacSystemFont, &quot;Segoe UI&quot;, Helvetica, Arial, sans-serif; font-size: 15px; font-style: normal; font-variant-ligatures: normal; font-variant-caps: normal; font-weight: 400; letter-spacing: normal; orphans: 2; text-align: start; text-transform: none; widows: 2; word-spacing: 0px; -webkit-text-stroke-width: 0px; white-space: normal; background-color: rgb(255, 255, 255); text-decoration-thickness: initial; text-decoration-style: initial; text-decoration-color: initial; border-collapse: collapse; width: 705.594px; min-width: 50px;"><colgroup><col style="min-width: 25px;"><col style="min-width: 25px;"></colgroup><tbody><tr style="box-sizing: border-box;"><td colspan="1" rowspan="1" style="box-sizing: border-box; text-align: center; width: 352.297px;"><p><span><strong><u>Particulars</u></strong></span></p></td><td colspan="1" rowspan="1" style="box-sizing: border-box; text-align: center; width: 352.297px;"><p><span><strong><u>Amount</u></strong></span></p></td></tr><tr style="box-sizing: border-box;"><td colspan="1" rowspan="1" style="box-sizing: border-box; width: 352.297px;"><p>Sale Value of Crypto Currency</p></td><td colspan="1" rowspan="1" style="box-sizing: border-box; text-align: right; width: 352.297px;"><p>₹5,00,000</p></td></tr><tr style="box-sizing: border-box;"><td colspan="1" rowspan="1" style="box-sizing: border-box; width: 352.297px;"><p>Less: Purchase Value of Crypto Currency</p></td><td colspan="1" rowspan="1" style="box-sizing: border-box; text-align: right; width: 352.297px;"><p>₹4,00,000</p></td></tr><tr style="box-sizing: border-box;"><td colspan="1" rowspan="1" style="box-sizing: border-box; width: 352.297px;"><p><strong>Gain/(Loss) on Crypto trading</strong></p></td><td colspan="1" rowspan="1" style="box-sizing: border-box; text-align: right; width: 352.297px;"><p><strong>₹1,00,000</strong></p></td></tr></tbody></table><p style="box-sizing: border-box; color: rgb(51, 51, 51); font-family: -apple-system, BlinkMacSystemFont, &quot;Segoe UI&quot;, Helvetica, Arial, sans-serif; font-size: 15px; font-style: normal; font-variant-ligatures: normal; font-variant-caps: normal; font-weight: 400; letter-spacing: normal; orphans: 2; text-align: start; text-indent: 0px; text-transform: none; widows: 2; word-spacing: 0px; -webkit-text-stroke-width: 0px; white-space: normal; background-color: rgb(255, 255, 255); text-decoration-thickness: initial; text-decoration-style: initial; text-decoration-color: initial;">&nbsp;</p><p style="box-sizing: border-box; color: rgb(51, 51, 51); font-family: -apple-system, BlinkMacSystemFont, &quot;Segoe UI&quot;, Helvetica, Arial, sans-serif; font-size: 15px; font-style: normal; font-variant-ligatures: normal; font-variant-caps: normal; font-weight: 400; letter-spacing: normal; orphans: 2; text-align: start; text-indent: 0px; text-transform: none; widows: 2; word-spacing: 0px; -webkit-text-stroke-width: 0px; white-space: normal; background-color: rgb(255, 255, 255); text-decoration-thickness: initial; text-decoration-style: initial; text-decoration-color: initial;"><strong>Note: Above calculated gains will be taxed at a flat rate of 30%.</strong></p>', 2, NULL, NULL, 'active', 0, '2025-10-09 18:59:09', '2025-10-09 18:59:09'),
	(7, 'How crypto is taxed in India?', '0002-how-crypto-is-taxed-in-india', '<p><strong>Q. How crypto is taxed in India?</strong></p><p style="box-sizing: border-box; color: rgb(51, 51, 51); font-family: -apple-system, BlinkMacSystemFont, &quot;Segoe UI&quot;, Helvetica, Arial, sans-serif; font-size: 15px; font-style: normal; font-variant-ligatures: normal; font-variant-caps: normal; font-weight: 400; letter-spacing: normal; orphans: 2; text-align: start; text-indent: 0px; text-transform: none; widows: 2; word-spacing: 0px; -webkit-text-stroke-width: 0px; white-space: normal; background-color: rgb(255, 255, 255); text-decoration-thickness: initial; text-decoration-style: initial; text-decoration-color: initial;">As per Section 115BBH of the act. where the total income of an assessee includes any income from the transfer of any virtual digital assets (crypto-currencies) such gains shall be taxed at the <strong>rate of 30%</strong> plus applicable surcharge &amp; cess.</p><p style="box-sizing: border-box; color: rgb(51, 51, 51); font-family: -apple-system, BlinkMacSystemFont, &quot;Segoe UI&quot;, Helvetica, Arial, sans-serif; font-size: 15px; font-style: normal; font-variant-ligatures: normal; font-variant-caps: normal; font-weight: 400; letter-spacing: normal; orphans: 2; text-align: start; text-indent: 0px; text-transform: none; widows: 2; word-spacing: 0px; -webkit-text-stroke-width: 0px; white-space: normal; background-color: rgb(255, 255, 255); text-decoration-thickness: initial; text-decoration-style: initial; text-decoration-color: initial;">For Example:</p><h3 style="text-align: justify; box-sizing: border-box; font-family: -apple-system, BlinkMacSystemFont, &quot;Segoe UI&quot;, Helvetica, Arial, sans-serif; margin-top: 0px; font-size: 18px; font-weight: 600; color: rgb(51, 51, 51); font-style: normal; font-variant-ligatures: normal; font-variant-caps: normal; letter-spacing: normal; orphans: 2; text-indent: 0px; text-transform: none; widows: 2; word-spacing: 0px; -webkit-text-stroke-width: 0px; white-space: normal; background-color: rgb(255, 255, 255); text-decoration-thickness: initial; text-decoration-style: initial; text-decoration-color: initial;"><span><strong><u>Tax calculation on Crypto Gains:</u></strong></span></h3><table style="box-sizing: border-box; color: rgb(51, 51, 51); font-family: -apple-system, BlinkMacSystemFont, &quot;Segoe UI&quot;, Helvetica, Arial, sans-serif; font-size: 15px; font-style: normal; font-variant-ligatures: normal; font-variant-caps: normal; font-weight: 400; letter-spacing: normal; orphans: 2; text-align: start; text-transform: none; widows: 2; word-spacing: 0px; -webkit-text-stroke-width: 0px; white-space: normal; background-color: rgb(255, 255, 255); text-decoration-thickness: initial; text-decoration-style: initial; text-decoration-color: initial; border-collapse: collapse; width: 455.609px; height: 135px; min-width: 50px;"><colgroup><col style="min-width: 25px;"><col style="min-width: 25px;"></colgroup><tbody><tr style="box-sizing: border-box; height: 22px;"><td colspan="1" rowspan="1" style="box-sizing: border-box; width: 305.797px; height: 22px;"><p><span>Sale Value of Crypto-currency</span></p></td><td colspan="1" rowspan="1" style="box-sizing: border-box; text-align: right; width: 148.812px; height: 22px;"><p><span>₹10,00,000</span></p></td></tr><tr style="box-sizing: border-box; height: 22px;"><td colspan="1" rowspan="1" style="box-sizing: border-box; width: 305.797px; height: 22px;"><p><span>Purchase Value of Crypto Currency</span></p></td><td colspan="1" rowspan="1" style="box-sizing: border-box; text-align: right; width: 148.812px; height: 22px;"><p><span>₹8,00,000</span></p></td></tr><tr style="box-sizing: border-box; height: 22px;"><td colspan="1" rowspan="1" style="box-sizing: border-box; width: 305.797px; height: 22px;"><p><span>Gains from Crypto Currency</span></p></td><td colspan="1" rowspan="1" style="box-sizing: border-box; text-align: right; width: 148.812px; height: 22px;"><p><span>₹2,00,000</span></p></td></tr><tr style="box-sizing: border-box; height: 22px;"><td colspan="1" rowspan="1" style="box-sizing: border-box; width: 305.797px; height: 22px;"><p><span>Tax on Above @30%</span></p></td><td colspan="1" rowspan="1" style="box-sizing: border-box; text-align: right; width: 148.812px; height: 22px;"><p><span>₹60,000*</span></p></td></tr></tbody></table><p style="text-align: justify; box-sizing: border-box; color: rgb(51, 51, 51); font-family: -apple-system, BlinkMacSystemFont, &quot;Segoe UI&quot;, Helvetica, Arial, sans-serif; font-size: 15px; font-style: normal; font-variant-ligatures: normal; font-variant-caps: normal; font-weight: 400; letter-spacing: normal; orphans: 2; text-indent: 0px; text-transform: none; widows: 2; word-spacing: 0px; -webkit-text-stroke-width: 0px; white-space: normal; background-color: rgb(255, 255, 255); text-decoration-thickness: initial; text-decoration-style: initial; text-decoration-color: initial;"><span><strong>* Above tax is subject to Surcharge &amp; cess (if applicable).<br><br>Q. Whether VDA Incomes are Capital Gain income or Business Income?<br></strong></span></p><p style="text-align: justify; box-sizing: border-box; color: rgb(51, 51, 51); font-family: -apple-system, BlinkMacSystemFont, &quot;Segoe UI&quot;, Helvetica, Arial, sans-serif; font-size: 15px; font-style: normal; font-variant-ligatures: normal; font-variant-caps: normal; font-weight: 400; letter-spacing: normal; orphans: 2; text-indent: 0px; text-transform: none; widows: 2; word-spacing: 0px; -webkit-text-stroke-width: 0px; white-space: normal; background-color: rgb(255, 255, 255); text-decoration-thickness: initial; text-decoration-style: initial; text-decoration-color: initial;">When you are regularly trading in crypto currencies and are involved in activities like mining and selling of crypto currencies, then income from such activities will be treated as business income.</p><p style="text-align: justify; box-sizing: border-box; color: rgb(51, 51, 51); font-family: -apple-system, BlinkMacSystemFont, &quot;Segoe UI&quot;, Helvetica, Arial, sans-serif; font-size: 15px; font-style: normal; font-variant-ligatures: normal; font-variant-caps: normal; font-weight: 400; letter-spacing: normal; orphans: 2; text-indent: 0px; text-transform: none; widows: 2; word-spacing: 0px; -webkit-text-stroke-width: 0px; white-space: normal; background-color: rgb(255, 255, 255); text-decoration-thickness: initial; text-decoration-style: initial; text-decoration-color: initial;">When you are holding crypto currencies as an investment for some long term/short term gains, then such gains will be treated as Capital Gains.</p>', 2, NULL, NULL, 'active', 0, '2025-10-09 18:59:48', '2025-10-09 18:59:48'),
	(8, 'What if I have incurred losses in Crypto currencies?', '0001-what-if-i-have-incurred-losses-in-crypto-currencies', '<p>Losses incurred in cryptocurrencies will neither be considered for adjusting it with any other income nor be allowed to be carried forward in future years.</p><p style="text-align: justify; box-sizing: border-box; margin-bottom: 0px; color: rgb(51, 51, 51); font-family: -apple-system, BlinkMacSystemFont, &quot;Segoe UI&quot;, Helvetica, Arial, sans-serif; font-size: 15px; font-style: normal; font-variant-ligatures: normal; font-variant-caps: normal; font-weight: 400; letter-spacing: normal; orphans: 2; text-indent: 0px; text-transform: none; widows: 2; word-spacing: 0px; -webkit-text-stroke-width: 0px; white-space: normal; background-color: rgb(255, 255, 255); text-decoration-thickness: initial; text-decoration-style: initial; text-decoration-color: initial;">Section 115 BBH(2b) clearly states that no set off of loss from the transfer of the virtual digital asset shall be allowed against income computed under any other provision of the Act and such loss shall not be allowed to be carried forward to succeeding assessment years.</p>', 1, NULL, NULL, 'active', 0, '2025-10-10 06:09:52', '2025-10-10 06:09:52'),
	(9, 'Why verification (Add Client) is necessary?', '0018-why-verification-add-client-is-necessary', '<p>This is a provision rolled out by the Income-tax Department.&nbsp;The requirement of "add client" for filing typically applies to situations where someone is filing on behalf of another person. Here\'s why it\'s important:</p><p style="text-align: justify; box-sizing: border-box; color: rgb(51, 51, 51); font-family: -apple-system, BlinkMacSystemFont, &quot;Segoe UI&quot;, Helvetica, Arial, sans-serif; font-size: 15px; font-style: normal; font-variant-ligatures: normal; font-variant-caps: normal; font-weight: 400; letter-spacing: normal; orphans: 2; text-indent: 0px; text-transform: none; widows: 2; word-spacing: 0px; -webkit-text-stroke-width: 0px; white-space: normal; background-color: rgb(255, 255, 255); text-decoration-thickness: initial; text-decoration-style: initial; text-decoration-color: initial;"><strong>Authorisation: </strong>Adding a client establishes a clear authorisation for the person/ERI filing (preparer) to act on behalf of the person whose information is being filed (client). This ensures the client is aware of the filing and approves the preparer\'s actions.</p><p style="text-align: justify; box-sizing: border-box; color: rgb(51, 51, 51); font-family: -apple-system, BlinkMacSystemFont, &quot;Segoe UI&quot;, Helvetica, Arial, sans-serif; font-size: 15px; font-style: normal; font-variant-ligatures: normal; font-variant-caps: normal; font-weight: 400; letter-spacing: normal; orphans: 2; text-indent: 0px; text-transform: none; widows: 2; word-spacing: 0px; -webkit-text-stroke-width: 0px; white-space: normal; background-color: rgb(255, 255, 255); text-decoration-thickness: initial; text-decoration-style: initial; text-decoration-color: initial;"><strong>Security: </strong>&nbsp;By adding a client, the tax filing system can verify the preparer has permission to access the client\'s information such as personal details, financial details etc. This helps protect sensitive financial data.</p><p style="text-align: justify; box-sizing: border-box; color: rgb(51, 51, 51); font-family: -apple-system, BlinkMacSystemFont, &quot;Segoe UI&quot;, Helvetica, Arial, sans-serif; font-size: 15px; font-style: normal; font-variant-ligatures: normal; font-variant-caps: normal; font-weight: 400; letter-spacing: normal; orphans: 2; text-indent: 0px; text-transform: none; widows: 2; word-spacing: 0px; -webkit-text-stroke-width: 0px; white-space: normal; background-color: rgb(255, 255, 255); text-decoration-thickness: initial; text-decoration-style: initial; text-decoration-color: initial;"><strong>Record Keeping:</strong>&nbsp; Adding a client creates a record of who filed what on whose behalf. This can be helpful for future reference or audits.</p><h3 style="text-align: justify; box-sizing: border-box; font-family: -apple-system, BlinkMacSystemFont, &quot;Segoe UI&quot;, Helvetica, Arial, sans-serif; margin-top: 0px; font-size: 18px; font-weight: 600; color: rgb(51, 51, 51); font-style: normal; font-variant-ligatures: normal; font-variant-caps: normal; letter-spacing: normal; orphans: 2; text-indent: 0px; text-transform: none; widows: 2; word-spacing: 0px; -webkit-text-stroke-width: 0px; white-space: normal; background-color: rgb(255, 255, 255); text-decoration-thickness: initial; text-decoration-style: initial; text-decoration-color: initial;"><strong>Upon successfully being added (verified) as a client, the client will be authorising us (ERI) to undertake the following actions on his behalf:</strong></h3><ul><li><p>View and File Income Tax Forms</p></li><li><p>View Rectification Status and Submit Rectification Request</p></li><li><p>View Tax Credit Mismatch Details</p></li><li><p>Submit Service Request (Refund Reissue / Condonation for delay in submission of ITR-V)</p></li><li><p>Submit Grievances and view their status</p></li><li><p>Download Prefilled data</p></li><li><p>View Annual Information Statement/ 26AS&nbsp;(will be available later)</p></li><li><p>View Notices&nbsp;(will be available later)</p></li><li><p>Respond to Outstanding Tax Demand&nbsp;(will be available later)</p></li></ul><p style="text-align: justify; box-sizing: border-box; color: rgb(51, 51, 51); font-family: -apple-system, BlinkMacSystemFont, &quot;Segoe UI&quot;, Helvetica, Arial, sans-serif; font-size: 15px; font-style: normal; font-variant-ligatures: normal; font-variant-caps: normal; font-weight: 400; letter-spacing: normal; orphans: 2; text-indent: 0px; text-transform: none; widows: 2; word-spacing: 0px; -webkit-text-stroke-width: 0px; white-space: normal; background-color: rgb(255, 255, 255); text-decoration-thickness: initial; text-decoration-style: initial; text-decoration-color: initial;">In summary, adding a client is a safeguard for both the preparer and the client, ensuring authorized filing and secure handling of tax filer’s sensitive information.</p><h3 style="box-sizing: border-box; font-family: -apple-system, BlinkMacSystemFont, &quot;Segoe UI&quot;, Helvetica, Arial, sans-serif; margin-top: 0px; font-size: 18px; font-weight: 600; color: rgb(51, 51, 51); font-style: normal; font-variant-ligatures: normal; font-variant-caps: normal; letter-spacing: normal; orphans: 2; text-align: start; text-indent: 0px; text-transform: none; widows: 2; word-spacing: 0px; -webkit-text-stroke-width: 0px; white-space: normal; background-color: rgb(255, 255, 255); text-decoration-thickness: initial; text-decoration-style: initial; text-decoration-color: initial;"><strong>For comprehensive instructions on verifying and adding a client, please refer to the following resources:</strong></h3><p style="box-sizing: border-box; color: rgb(51, 51, 51); font-family: -apple-system, BlinkMacSystemFont, &quot;Segoe UI&quot;, Helvetica, Arial, sans-serif; font-size: 15px; font-style: normal; font-variant-ligatures: normal; font-variant-caps: normal; font-weight: 400; letter-spacing: normal; orphans: 2; text-align: start; text-indent: 0px; text-transform: none; widows: 2; word-spacing: 0px; -webkit-text-stroke-width: 0px; white-space: normal; background-color: rgb(255, 255, 255); text-decoration-thickness: initial; text-decoration-style: initial; text-decoration-color: initial;"><strong>Web:</strong> <a target="_blank" rel="noopener noreferrer" href="https://help.myitreturn.com/hc/en-us/articles/6195252917657-How-do-I-register-as-a-client-on-myITreturn-com">Guide for verifying (Add client) using </a><a target="_blank" rel="noopener noreferrer nofollow" href="http://myITreturn.com">myITreturn.com</a></p><p style="box-sizing: border-box; margin-bottom: 0px; color: rgb(51, 51, 51); font-family: -apple-system, BlinkMacSystemFont, &quot;Segoe UI&quot;, Helvetica, Arial, sans-serif; font-size: 15px; font-style: normal; font-variant-ligatures: normal; font-variant-caps: normal; font-weight: 400; letter-spacing: normal; orphans: 2; text-align: start; text-indent: 0px; text-transform: none; widows: 2; word-spacing: 0px; -webkit-text-stroke-width: 0px; white-space: normal; background-color: rgb(255, 255, 255); text-decoration-thickness: initial; text-decoration-style: initial; text-decoration-color: initial;"><strong>Mobile App:</strong> <a target="_blank" rel="noopener noreferrer" href="https://help.myitreturn.com/hc/en-us/articles/30516495792537-How-do-I-verify-Add-client-using-myITreturn-mobile-app">Guide for verifying (Add client) using myITreturn mobile app</a></p>', 18, NULL, NULL, 'active', 0, '2025-10-10 10:36:56', '2025-10-10 10:37:29');

